{
  "title": "Política de privacidade",
  "meta_title": "Política de privacidade",
  "meta_description": "Política de privacidade",
  "body": "**Política de Privacidade Banca Catedral**\n\n\nNa Banca Catedral, seus dados são armazenados apenas quando você se cadastra ou realiza alguma compra. O uso dessas informações é feito para garantir a melhor experiência e segurança em nosso site, conforme detalhado abaixo.\n\n**Uso dos Seus Dados**\nSeu e-mail é utilizado para comunicações importantes, como informações sobre seu pedido, além de avisos sobre novidades e promoções da Banca Catedral.\n\nCaso você tenha se cadastrado em nossa newsletter ou se inscrito para baixar algum material, seus dados são armazenados em nossa base para comunicações por e-mail, sempre com o objetivo de mantê-lo informado sobre novidades e promoções da Banca Catedral.\n\n**Dados que Coletamos**\nColetamos apenas os dados essenciais para o nosso relacionamento, garantindo o cumprimento de obrigações legais, atendendo às suas expectativas e otimizando sua experiência de compra.\n\n**Acessibilidade dos Dados Pessoais**\nPara sua identificação, podemos coletar ou você poderá nos fornecer seu nome completo, empresa, telefone, cidade, WhatsApp e cargo.\n\nNão solicitamos dados como CPF ou CNPJ em nenhum formulário do site. Essas informações são requeridas somente para transações comerciais (em e-commerce, presencialmente ou via WhatsApp) e são armazenadas em nossa base de dados comercial.\n\nCaso necessário, também coletamos informações técnicas do seu dispositivo, como versão do sistema operacional, geolocalização, IP, registros de interações com a Banca Catedral, telas acessadas, session ID e dados públicos do seu Facebook. Essas informações nos ajudam a ampliar nosso relacionamento, cumprir obrigações legais e prevenir fraudes.\n\n**Canal de Contato**\nEm caso de qualquer dúvida sobre nossa política de privacidade, você pode entrar em contato conosco através do e-mail:[ contato@bancacatedral.com.br](contato@bancacatedral.com.br)\n\nPara mais informações sobre o tratamento de dados sensíveis e o uso de suas informações para cadastro e pagamento em nosso e-commerce, confira nossa Política de Privacidade completa.",
  "sections": [
    {
      "type": "breadcrumbs",
      "enabled": true
    },
    {
      "type": "page-title"
    },
    {
      "type": "extra-page",
      "enabled": true
    },
    {
      "type": "info-bar",
      "enabled": true
    }
  ]
}