{
  "title": "Sobre nós",
  "meta_title": "Sobre nós",
  "meta_description": "Sobre nós",
  "body": "**Quem Somos: Nossa História e Compromisso**\n\nDesde 1994, A **Banca Catedral** tem a missão de conectar pessoas à informação e ao conhecimento. O que começou com a nossa presença física, se expandiu para a internet, onde nos tornamos uma referência na venda de Apostilas e Livros para Concursos das mais renomadas editoras do mercado.\n\nNossa proposta é ir além de uma simples venda: buscamos sempre a excelência, oferecendo um atendimento personalizado e uma curadoria de produtos que realmente fazem a diferença na jornada de nossos clientes. Para nós, você é mais que um cliente, é um parceiro em busca de crescimento e sucesso.\n\n**Nossas Lojas Físicas**\nAlém da nossa loja virtual, convidamos você a nos visitar em nossos endereços em Florianópolis e São José, onde mantemos a tradição e o atendimento de qualidade que nos tornaram uma marca de confiança.\n\n**[Banca Catedral](https://share.google/z6qDJrq3N6QStGjPm)**\n\nEndereço: Praça XV de Novembro s/nº, Centro, em frente à Catedral, Florianópolis/SC\n\nTelefone: (48) 99194 8899\n\n<iframe src=\"https://www.google.com/maps/embed?pb=!1m18!1m12!1m3!1d3535.888943740996!2d-48.5495163!3d-27.5969725!2m3!1f0!2f0!3f0!3m2!1i1024!2i768!4f13.1!3m3!1m2!1s0x95273824c5befe79%3A0x52102a487d3fe1e3!2sBanca%20Catedral%20Apostilas%20para%20Concursos!5e0!3m2!1spt-BR!2sbr!4v1757017747120!5m2!1spt-BR!2sbr\" width=\"600\" height=\"450\" style=\"border:0;\" allowfullscreen=\"\" loading=\"lazy\" referrerpolicy=\"no-referrer-when-downgrade\"></iframe>\n\n**[Catedral Revistas & Tabacos](https://share.google/MUSp1zhxkw1EKcWKd)**\n\nEndereço: Rodovia SC 401, Floripa Shopping, lojas 158/159, Florianópolis/SC\n\nTelefone: (48) 3233-2244\n\n<iframe src=\"https://www.google.com/maps/embed?pb=!1m18!1m12!1m3!1d3537.257549362992!2d-48.497741999999995!3d-27.5545163!2m3!1f0!2f0!3f0!3m2!1i1024!2i768!4f13.1!3m3!1m2!1s0x952738a024c2c0a1%3A0x4fca2eda3157c417!2sCatedral%20Revistas%20%26%20Tabacos!5e0!3m2!1spt-BR!2sbr!4v1757017821191!5m2!1spt-BR!2sbr\" width=\"600\" height=\"450\" style=\"border:0;\" allowfullscreen=\"\" loading=\"lazy\" referrerpolicy=\"no-referrer-when-downgrade\"></iframe>\n\n**[Catedral Revistaria (Angeloni Beiramar)](https://maps.app.goo.gl/6oiTio86VHwgdrG98)**\n\nEndereço: Av. Irineu Bornhausen, nº 5288, loja 15, Agronômica, Florianópolis/SC\n\nTelefone: (48) 3028-5558\n\n<iframe src=\"https://www.google.com/maps/embed?pb=!1m18!1m12!1m3!1d3536.5889751951354!2d-48.5266023!3d-27.575263999999997!2m3!1f0!2f0!3f0!3m2!1i1024!2i768!4f13.1!3m3!1m2!1s0x95273865a976e7af%3A0xdf2d59615600e63d!2sCatedral%20Revistaria%20Tabacaria!5e0!3m2!1spt-BR!2sbr!4v1757017944937!5m2!1spt-BR!2sbr\" width=\"600\" height=\"450\" style=\"border:0;\" allowfullscreen=\"\" loading=\"lazy\" referrerpolicy=\"no-referrer-when-downgrade\"></iframe>\n\n**[Catedral Revistaria (Super Giassi Campinas)](https://share.google/MscABjbqZkIu6wbpY)**\n\nEndereço: Av. Irineu Bornhausen, nº 425, loja 113, Campinas, São José/SC\n\nTelefone: (48) 3066-8558\n\n<iframe src=\"https://www.google.com/maps/embed?pb=!1m18!1m12!1m3!1d3536.041082552917!2d-48.610559599999995!3d-27.592255899999998!2m3!1f0!2f0!3f0!3m2!1i1024!2i768!4f13.1!3m3!1m2!1s0x952749d86a714171%3A0xf9748c22332153c2!2sCatedral%20Revistaria!5e0!3m2!1spt-BR!2sbr!4v1757017867388!5m2!1spt-BR!2sbr\" width=\"600\" height=\"450\" style=\"border:0;\" allowfullscreen=\"\" loading=\"lazy\" referrerpolicy=\"no-referrer-when-downgrade\"></iframe>\n\n**Nossos Valores**\n\n**Missão**: Estar sempre prontos para atender as necessidades dos nossos clientes, sendo referência no ramo de publicações e materiais para concursos.\n\n**Objetivo**: Construir uma marca que seja sinônimo de confiança e amizade, transformando clientes em verdadeiros parceiros.\n\nSe você deseja saber mais sobre a nossa história ou tem alguma dúvida, estamos sempre à disposição. Entre em contato conosco pelo e-mail: [contato@bancacatedral.com.br](contato@bancacatedral.com.br)",
  "sections": [
    {
      "type": "breadcrumbs",
      "enabled": true
    },
    {
      "type": "page-title"
    },
    {
      "type": "extra-page",
      "enabled": true
    },
    {
      "type": "responsive-banner",
      "img": "/img/uploads/fotos-lojas.png"
    },
    {
      "type": "info-bar",
      "enabled": true
    }
  ]
}