{
  "description": {
    "title": "",
    "text": "Desde 1994, a Banca Catedral é a sua parceira de estudos em Florianópolis. Agora, nosso e-commerce atende todo o Brasil, oferecendo o maior acervo de apostilas e livros para concursos públicos, vestibulares e OAB das mais renomadas editoras. Encontre o material ideal para sua aprovação com a tradição e a confiança de quem entende do assunto."
  },
  "links_1": {
    "list_pages": true,
    "title": "INFORMAÇÕES",
    "list": [
      {
        "text": "Banca Catedral ",
        "url": "https://www.bancacatedral.com.br/pages/sobre-a-empresa"
      },
      {
        "text": "Lojas Físicas",
        "url": "https://bancacatedral.com.br/pages/contato"
      },
      {
        "text": "Como Comprar",
        "url": "https://bancacatedral.com.br/pages/faq"
      },
      {
        "text": "Formas de Envio",
        "url": "https://bancacatedral.com.br/pages/entrega"
      },
      {
        "text": "Formas de Pagamento",
        "url": "https://bancacatedral.com.br/pages/pagamentos"
      },
      {
        "url": "https://bancacatedral.com.br/pages/privacidade",
        "text": "Segurança e Privacidade"
      },
      {
        "text": "Trocas e Devoluções",
        "url": "https://bancacatedral.com.br/pages/trocas"
      }
    ]
  },
  "links_2": {
    "list_categories": false,
    "title": "Categorias",
    "list": []
  },
  "contacts": {
    "title": "Contatos",
    "phone_wpp": true,
    "socials": true,
    "email": true,
    "address": true
  },
  "stamps": [
    {
      "src": "/img/uploads/ssl-safe.png",
      "alt": "Secure connection",
      "width": 150,
      "height": 62
    }
  ],
  "payment_methods": {
    "pix": true,
    "visa": true,
    "mastercard": true,
    "elo": true,
    "amex": true,
    "hipercard": true,
    "boleto": true
  },
  "credits": ""
}