{
  "categories_list": {
    "featured": [
      "/apostilas?Apostilas",
      "/livros-para-concursos/?Livros P/ Concursos",
      "/livros-para-vestibulares/?Livros P/ Vestibulares",
      "/livros-diversos?Livros Diversos"
    ],
    "random": 4,
    "full_width": true
  },
  "menu_all_departments": false,
  "centralized_logo": false,
  "marketing_stripe": {
    "text": "",
    "link": ""
  },
  "alphabetical_order_submenu": true,
  "name_all_departments": "Ver Tudo ",
  "search_input": true,
  "desktop_megamenu": false,
  "full_width_submenu": false,
  "contacts_stripe": {
    "pages": [
      {
        "title": "Login",
        "link": "https://www.bancacatedral.com.br/app/#/account/"
      },
      {
        "title": "Ver Pedidos",
        "link": "https://www.bancacatedral.com.br/app/#/account/orders"
      },
      {
        "link": "https://bancacatedral.com.br/pages/faq",
        "title": "Como Comprar"
      },
      {
        "title": "Lojas Físicas",
        "link": "https://bancacatedral.com.br/pages/contato"
      }
    ],
    "phone_wpp": true,
    "socials": true
  }
}